{
  "strategy": "collinear_selection",
  "selected_count": 26,
  "logs": {
    "step": [
      0,
      1,
      2,
      3,
      4
    ],
    "loss_total": [
      12.806451797485352,
      13.037262916564941,
      12.63795280456543,
      12.810344696044922,
      12.021042823791504
    ],
    "loss_main": [
      0.00021022312284912914,
      0.000326210109051317,
      0.0005104612209834158,
      0.00019596755737438798,
      0.00029111054027453065
    ],
    "num_freqs": [
      16,
      16,
      16,
      16,
      16
    ],
    "tau_t": [
      7.834456443786621,
      7.680160045623779,
      7.905296802520752,
      7.899561882019043,
      7.783374786376953
    ]
  },
  "main_loss_summary": {
    "first": 0.00021022312284912914,
    "last": 0.00029111054027453065,
    "min": 0.00019596755737438798,
    "max": 0.0005104612209834158
  }
}