{
  "strategy": "non_progressive_discrepancy_aware",
  "selected_count": 26,
  "logs": {
    "step": [
      0,
      1,
      2,
      3,
      4
    ],
    "loss_total": [
      12.806747436523438,
      13.037611961364746,
      12.63839054107666,
      12.810773849487305,
      12.021615028381348
    ],
    "loss_main": [
      0.00050582509720698,
      0.0005523093859665096,
      0.000846708775497973,
      0.00045015974319539964,
      0.0006210927967913449
    ],
    "num_freqs": [
      16,
      16,
      16,
      16,
      16
    ],
    "tau_t": [
      7.834456443786621,
      7.680160045623779,
      7.905296325683594,
      7.899561882019043,
      7.783374786376953
    ]
  },
  "main_loss_summary": {
    "first": 0.00050582509720698,
    "last": 0.0006210927967913449,
    "min": 0.00045015974319539964,
    "max": 0.000846708775497973
  }
}