{
  "strategy": "non_progressive_uniform",
  "selected_count": 26,
  "logs": {
    "step": [
      0,
      1,
      2,
      3,
      4
    ],
    "loss_total": [
      12.80649185180664,
      13.03712272644043,
      12.637332916259766,
      12.810098648071289,
      12.021384239196777
    ],
    "loss_main": [
      0.00025073846336454153,
      0.00018675604951567948,
      0.0003253455797675997,
      0.00033800260280258954,
      0.0002971371286548674
    ],
    "num_freqs": [
      16,
      16,
      16,
      16,
      16
    ],
    "tau_t": [
      7.834456443786621,
      7.680160045623779,
      7.9052958488464355,
      7.899561405181885,
      7.783374786376953
    ]
  },
  "main_loss_summary": {
    "first": 0.00025073846336454153,
    "last": 0.0002971371286548674,
    "min": 0.00018675604951567948,
    "max": 0.00033800260280258954
  }
}