{
  "strategy": "progressive_uniform",
  "selected_count": 26,
  "logs": {
    "step": [
      0,
      1,
      2,
      3,
      4
    ],
    "loss_total": [
      12.806275367736816,
      13.037038803100586,
      12.638152122497559,
      12.810615539550781,
      12.021581649780273
    ],
    "loss_main": [
      3.3675234590191394e-05,
      0.00010264784941682592,
      0.0001570699823787436,
      0.00028682261472567916,
      0.00040483492193743587
    ],
    "num_freqs": [
      9,
      13,
      16,
      16,
      16
    ],
    "tau_t": [
      1.6134694039821627,
      3.22946652173996,
      4.79565601348877,
      6.322195055708289,
      7.783374786376953
    ]
  },
  "main_loss_summary": {
    "first": 3.3675234590191394e-05,
    "last": 0.00040483492193743587,
    "min": 3.3675234590191394e-05,
    "max": 0.00040483492193743587
  }
}