{
  "strategies": [
    {
      "strategy": "progressive_discrepancy_aware",
      "selected_count": 26,
      "logs": {
        "step": [
          0,
          1,
          2,
          3,
          4
        ],
        "loss_total": [
          12.806275367736816,
          13.037038803100586,
          12.638216018676758,
          12.810351371765137,
          12.021780014038086
        ],
        "loss_main": [
          3.3675234590191394e-05,
          0.0001026478421408683,
          0.00022016250295564532,
          0.00042575228144414723,
          0.0006211504805833101
        ],
        "num_freqs": [
          9,
          13,
          16,
          16,
          16
        ],
        "tau_t": [
          1.6134694039821627,
          3.22946652173996,
          4.79565601348877,
          6.322194673866034,
          7.783374309539795
        ]
      },
      "main_loss_summary": {
        "first": 3.3675234590191394e-05,
        "last": 0.0006211504805833101,
        "min": 3.3675234590191394e-05,
        "max": 0.0006211504805833101
      }
    },
    {
      "strategy": "non_progressive_discrepancy_aware",
      "selected_count": 26,
      "logs": {
        "step": [
          0,
          1,
          2,
          3,
          4
        ],
        "loss_total": [
          12.806747436523438,
          13.037611961364746,
          12.63839054107666,
          12.810773849487305,
          12.021615028381348
        ],
        "loss_main": [
          0.00050582509720698,
          0.0005523093859665096,
          0.000846708775497973,
          0.00045015974319539964,
          0.0006210927967913449
        ],
        "num_freqs": [
          16,
          16,
          16,
          16,
          16
        ],
        "tau_t": [
          7.834456443786621,
          7.680160045623779,
          7.905296325683594,
          7.899561882019043,
          7.783374786376953
        ]
      },
      "main_loss_summary": {
        "first": 0.00050582509720698,
        "last": 0.0006210927967913449,
        "min": 0.00045015974319539964,
        "max": 0.000846708775497973
      }
    },
    {
      "strategy": "progressive_uniform",
      "selected_count": 26,
      "logs": {
        "step": [
          0,
          1,
          2,
          3,
          4
        ],
        "loss_total": [
          12.806275367736816,
          13.037038803100586,
          12.638152122497559,
          12.810615539550781,
          12.021581649780273
        ],
        "loss_main": [
          3.3675234590191394e-05,
          0.00010264784941682592,
          0.0001570699823787436,
          0.00028682261472567916,
          0.00040483492193743587
        ],
        "num_freqs": [
          9,
          13,
          16,
          16,
          16
        ],
        "tau_t": [
          1.6134694039821627,
          3.22946652173996,
          4.79565601348877,
          6.322195055708289,
          7.783374786376953
        ]
      },
      "main_loss_summary": {
        "first": 3.3675234590191394e-05,
        "last": 0.00040483492193743587,
        "min": 3.3675234590191394e-05,
        "max": 0.00040483492193743587
      }
    },
    {
      "strategy": "non_progressive_uniform",
      "selected_count": 26,
      "logs": {
        "step": [
          0,
          1,
          2,
          3,
          4
        ],
        "loss_total": [
          12.80649185180664,
          13.03712272644043,
          12.637332916259766,
          12.810098648071289,
          12.021384239196777
        ],
        "loss_main": [
          0.00025073846336454153,
          0.00018675604951567948,
          0.0003253455797675997,
          0.00033800260280258954,
          0.0002971371286548674
        ],
        "num_freqs": [
          16,
          16,
          16,
          16,
          16
        ],
        "tau_t": [
          7.834456443786621,
          7.680160045623779,
          7.9052958488464355,
          7.899561405181885,
          7.783374786376953
        ]
      },
      "main_loss_summary": {
        "first": 0.00025073846336454153,
        "last": 0.0002971371286548674,
        "min": 0.00018675604951567948,
        "max": 0.00033800260280258954
      }
    },
    {
      "strategy": "collinear_selection",
      "selected_count": 26,
      "logs": {
        "step": [
          0,
          1,
          2,
          3,
          4
        ],
        "loss_total": [
          12.806451797485352,
          13.037262916564941,
          12.63795280456543,
          12.810344696044922,
          12.021042823791504
        ],
        "loss_main": [
          0.00021022312284912914,
          0.000326210109051317,
          0.0005104612209834158,
          0.00019596755737438798,
          0.00029111054027453065
        ],
        "num_freqs": [
          16,
          16,
          16,
          16,
          16
        ],
        "tau_t": [
          7.834456443786621,
          7.680160045623779,
          7.905296802520752,
          7.899561882019043,
          7.783374786376953
        ]
      },
      "main_loss_summary": {
        "first": 0.00021022312284912914,
        "last": 0.00029111054027453065,
        "min": 0.00019596755737438798,
        "max": 0.0005104612209834158
      }
    }
  ]
}