{
  "strategy": "progressive_discrepancy_aware",
  "selected_count": 26,
  "logs": {
    "step": [
      0,
      1,
      2,
      3,
      4
    ],
    "loss_total": [
      12.806275367736816,
      13.037038803100586,
      12.638216018676758,
      12.810351371765137,
      12.021780014038086
    ],
    "loss_main": [
      3.3675234590191394e-05,
      0.0001026478421408683,
      0.00022016250295564532,
      0.00042575228144414723,
      0.0006211504805833101
    ],
    "num_freqs": [
      9,
      13,
      16,
      16,
      16
    ],
    "tau_t": [
      1.6134694039821627,
      3.22946652173996,
      4.79565601348877,
      6.322194673866034,
      7.783374309539795
    ]
  },
  "main_loss_summary": {
    "first": 3.3675234590191394e-05,
    "last": 0.0006211504805833101,
    "min": 3.3675234590191394e-05,
    "max": 0.0006211504805833101
  }
}