{
  "metric": "kl",
  "final_accuracy": 0.0,
  "selected_count": 26,
  "main_loss_summary": {
    "first": 9.274026524508372e-08,
    "last": 7.032882422208786e-05,
    "min": 9.274026524508372e-08,
    "max": 9.120471077039838e-05
  },
  "total_loss_summary": {
    "first": 12.654343605041504,
    "last": 12.796951293945312,
    "min": 12.633787155151367,
    "max": 13.029630661010742
  },
  "selected_indices_path": "outputs\\ablations\\distribution_metric\\debug\\kl\\selected_indices.npy",
  "classifier_result_path": "outputs\\ablations\\distribution_metric\\debug\\kl\\classifier\\classifier_result.json",
  "logs": {
    "step": [
      0,
      1,
      2,
      3
    ],
    "loss_total": [
      12.654343605041504,
      13.029630661010742,
      12.633787155151367,
      12.796951293945312
    ],
    "loss_main": [
      9.274026524508372e-08,
      5.193251126911491e-06,
      9.120471077039838e-05,
      7.032882422208786e-05
    ],
    "loss_match": [
      0.0,
      1.0000002248489182e-06,
      2.6652478481992148e-06,
      4.878794698015554e-06
    ],
    "loss_graph": [
      1.4887655973434448,
      1.5042064189910889,
      1.5201389789581299,
      1.5377469062805176
    ],
    "loss_div": [
      125.05467224121094,
      128.7920379638672,
      124.81678771972656,
      126.43101501464844
    ]
  }
}