{
  "metric": "mse",
  "final_accuracy": 0.0,
  "selected_count": 26,
  "main_loss_summary": {
    "first": 4.245055970386602e-05,
    "last": 0.0031883413903415203,
    "min": 4.245055970386602e-05,
    "max": 0.0031883413903415203
  },
  "total_loss_summary": {
    "first": 12.654386520385742,
    "last": 12.799694061279297,
    "min": 12.634716033935547,
    "max": 13.030267715454102
  },
  "selected_indices_path": "outputs\\ablations\\distribution_metric\\debug\\mse\\selected_indices.npy",
  "classifier_result_path": "outputs\\ablations\\distribution_metric\\debug\\mse\\classifier\\classifier_result.json",
  "logs": {
    "step": [
      0,
      1,
      2,
      3
    ],
    "loss_total": [
      12.654386520385742,
      13.030267715454102,
      12.634716033935547,
      12.799694061279297
    ],
    "loss_main": [
      4.245055970386602e-05,
      0.00028072998975403607,
      0.0014511306071653962,
      0.0031883413903415203
    ],
    "loss_match": [
      0.0,
      1.0000002248489182e-06,
      2.664722615008941e-06,
      4.8784477257868275e-06
    ],
    "loss_graph": [
      1.4887655973434448,
      1.5042064189910889,
      1.5201352834701538,
      1.5377370119094849
    ],
    "loss_div": [
      125.05467224121094,
      128.795654296875,
      124.81248474121094,
      126.4272689819336
    ]
  }
}